TRUNCATE TABLE `dacons_ads`;

TRUNCATE TABLE `dacons_cities`;

TRUNCATE TABLE `dacons_companies`;
INSERT INTO `dacons_companies` (`id`,`name`,`site`,`email`,`isClient`,`manager`,`relations`,`phone`,`address`,`city_id`,`viewed`,`viewed_date`,`about`) VALUES
(16309, 'Caeser Logistics', 'www.caeser-logistics.com', 'info@caeser-logistics.com', NULL, 504, NULL, '0049 (0)2381 334-1254-01', 'Am Hafen 47, 59063 Hamm', NULL, 12, '2010-12-22 23:22:30', ''),
(16310, 'Anton und Co KG', 'www.anton-filter.de', 'service@anton-filter.de', NULL, 504, NULL, '0049 (0)1234 13 24 35 6', 'Moskauerstrasse 4-9, 10101 Hamburg', NULL, 10, '2010-12-22 23:20:17', ''),
(16311, 'Berta Gartenbau', 'www.wunsch-garten.de', 'service@wunsch-garten.de, info@wunsch-garten.de', NULL, 504, NULL, '0049 (0)4949 449-3233-0', 'Zum Gartenteich 17-23, 4758 Bremen', NULL, 6, '2010-12-22 23:22:01', ''),
(16312, '123 Verkauf', 'www.123-verkauf.de', 'service@123-verkauf.de', NULL, 504, NULL, '0049 (0)4949 449-3233-0', 'Zum Gartenteich 17-23, 4758 Bremen', NULL, 4, '2010-12-20 23:37:40', ''),
(16313, 'Dora Veranstaltungen', 'www.dora-veranstaltungen.de', 'service@dora-veranstaltungen.de', NULL, 504, NULL, '0049 (0)1234 13 24 35 6', 'Moskauerstrasse 4-9, 10101 Hamburg', NULL, 4, '2010-12-22 23:24:28', ''),
(16314, 'Emil Fabrik', 'www.emil-fabrik.de', 'service@emil-fabrik.de, info@emil-fabrik.de', NULL, 503, NULL, '0049 (0)4949 449-3233-0', 'Zum Gartenteich 17-23, 4758 Bremen', NULL, 4, '2010-12-22 23:25:01', ''),
(16315, 'Friedrich Schlüsseldienst', 'www.friedrich-schlüsseldienst.de', 'info@friedrich-schlüsseldienst.de', NULL, 504, NULL, '0049 (0)2381 334-1254-01', 'Am Hafen 47, 59063 Hamm', NULL, 4, '2010-12-22 23:26:11', ''),
(16316, 'Gustav Botendienst', 'www.botendienst.de', 'service@botendienst.de', NULL, 504, NULL, '0049 (0)1234 13 24 35 6', 'Moskauerstrasse 4-9, 10101 Hamburg', NULL, 4, '2010-12-22 23:27:00', ''),
(16317, 'Heinrich Security', 'www.security.com', 'heinrich@security.com', NULL, 503, NULL, '0049 (0)2435-14-26-37', 'Freier Platz 19, 22033 Neustadt', NULL, 4, '2010-12-22 23:27:28', ''),
(16318, 'Iris Farben GmbH', 'www.iris-farben.de', 'beratung@iris-farben.net, info@iris-farben.net', NULL, 504, NULL, '0049 (0)7439-38-59-263', 'Regenplatz 3, 39681 Mannheim', NULL, 2, '2010-12-20 19:38:31', ''),
(16319, 'Justus Anwaltskanzlei', 'www.justus-anwälte.de', 'beratung@anwälte.de', NULL, 503, NULL, '0049 (0)2349 112-1345-32, 0049 (0)2349 112-1345-33', 'Berlinersrt. 55, Dortmund 44232', NULL, 3, '2010-12-20 23:51:45', ''),
(16320, 'Kaufmann Anlagenberatung', 'www.anlagen-beratung.de', 'info@anlagen-beratung.de', NULL, 504, NULL, '0049 (0)2435-14-26-37', 'Freier Platz 19, 22033 Neustadt', NULL, 2, '2010-12-20 20:13:41', ''),
(16321, 'Ludwig AG', 'www.ludwig-ag.de', 'beratung@ludwig-ag.de, info@ludwig-ag.de', NULL, 504, NULL, '0049 (0)7439-38-59-263', 'Regenplatz 3, 39681 Mannheim', NULL, 3, '2010-12-21 16:14:53', ''),
(16322, 'Much and More Beauty Salon', 'www.much-and-more.de', 'info@much-and-more.de', NULL, 504, NULL, '0049 (0)1234 13 24 35 6', 'Moskauerstrasse 4-9, 10101 Hamburg', NULL, 3, '2010-12-21 16:15:58', ''),
(16323, 'Norbert Verglasung', 'www.norbert-verglasung.de', 'service@norbert-verglasung.de', NULL, 504, NULL, '0049 (0)4949 449-3233-0', 'Zum Gartenteich 17-23, 4758 Bremen', NULL, 3, '2010-12-21 16:16:57', ''),
(16324, 'Otto Immobilien', 'www.otto-immo.de', 'info@otto-immo.de', NULL, 503, NULL, '0049 (0)7439-38-59-263', 'Regenplatz 3, 39681 Mannheim', NULL, 3, '2010-12-21 16:18:59', ''),
(16325, 'Ökonom Beratungsdienst', 'www.oekonom-beratung.de', 'beratung@oekonom.de', NULL, 504, NULL, '0049 (0)2381 334-1254-01', 'Am Hafen 47, 59063 Hamm', NULL, 3, '2010-12-21 16:18:04', ''),
(16326, 'Paul Tiefbau', 'www.paul-tiefbau.de', 'info@tiefbau.de', NULL, 504, NULL, '0049 (0)2349 112-1345-32, 0049 (0)2349 112-1345-33', 'Berlinersrt. 55, Dortmund 44232', NULL, 3, '2010-12-20 21:10:15', ''),
(16327, 'Quelle Innenausstattung', 'www.innen-ausstattung.de', 'beratung@innen-ausstattung.de', NULL, 503, NULL, '0049 (0)2435-14-26-37', 'Freier Platz 19, 22033 Neustadt', NULL, 3, '2010-12-21 16:21:25', ''),
(16328, 'Rüdiger Autovermietung', 'www.rüdiger-vermietung.de', 'info@rüdiger-vermietung.de', NULL, 504, NULL, '0049 (0)7439-38-59-263', 'Regenplatz 3, 39681 Mannheim', NULL, 3, '2010-12-20 21:44:01', ''),
(16329, 'Silvester Blumen', 'www.blumen-silvester.de', 'beratung@blumen-silvester.de', NULL, 503, NULL, '0049 (0)1234 13 24 35 6', 'Moskauerstrasse 4-9, 10101 Hamburg', NULL, 2, '2010-12-20 21:53:22', ''),
(16330, 'Tycho Technik', 'www.tycho-technik.de', 'service@tycho-technik.de', NULL, 504, NULL, '0049 (0)2381 334-1254-01', 'Am Hafen 47, 59063 Hamm', NULL, 2, '2010-12-20 22:26:02', ''),
(16331, 'Ursus Catering', 'www.ursus-catering.de', 'service@ursus-catering.de', NULL, 504, NULL, '0049 (0)7439-38-59-263', 'Regenplatz 3, 39681 Mannheim', NULL, 2, '2010-12-20 22:38:33', ''),
(16332, 'Vitalis Pharma AG', 'www.vitalis-pharma-ag.de', 'info@vitalis-pharma-ag.de, service@vitalis-pharma-ag.de', NULL, 504, NULL, '0049 (0)1234 13 24 35 6', 'Moskauerstrasse 4-9, 10101 Hamburg', NULL, 2, '2010-12-20 22:47:20', ''),
(16333, 'Walburga Steindekor', 'www.walburga-dekor.de', 'beratung@walburga-dekor.de', NULL, 504, NULL, '0049 (0)2435-14-26-37', 'Freier Platz 19, 22033 Neustadt', NULL, 2, '2010-12-20 22:54:46', ''),
(16334, 'Xenia Management', 'www.xenia-management.de', 'service@xenia-management.de', NULL, 504, NULL, '0049 (0)7439-38-59-263', 'Regenplatz 3, 39681 Mannheim', NULL, 3, '2010-12-21 16:34:25', ''),
(16335, 'Yusus Druckerei', 'www.yusus-druck.de', 'service@yusus-druck.de', NULL, 504, NULL, '0049 (0)1234 13 24 35 6', 'Moskauerstrasse 4-9, 10101 Hamburg', NULL, 3, '2010-12-20 23:20:08', ''),
(16336, 'Zulu Profiltechnik', 'www.zulu-profiltechnik.de', 'service@zulu-profiltechnik.de', NULL, 503, NULL, '0049 (0)2435-14-26-37', 'Freier Platz 19, 22033 Neustadt', NULL, 3, '2010-12-21 16:35:59', ''),
(16337, 'Gero und Ko.', 'www.example.de', 'info@example.de', NULL, 503, NULL, '0049 (0)1132 1234', 'Dorfstr. 99, 22031 Düsseldorf', NULL, 2, '2010-12-22 23:26:45', ''),
(16338, 'Beat Musikstudio', 'www.beat-music.com', 'beat@music.com', NULL, 504, NULL, '0049 (0)2435-14-26-37', 'Freier Platz 19, 22033 Neustadt', NULL, 6, '2010-12-22 23:21:16', ''),
(16339, 'Ceara Beleuchtungen und Innendekor', 'www.ceara-licht.net', 'beratung@ceara-licht.net, info@ceara-licht.net', NULL, 503, NULL, '0049 (0)7439-38-59-263', 'Regenplatz 3, 39681 Mannheim', NULL, 6, '2010-12-22 23:23:39', ''),
(16340, 'Deri Holzverarbeitung', 'www.deri-holz.de', 'info@deri-holz.de', NULL, 504, NULL, '0049 (0)2349 112-1345-32, 0049 (0)2349 112-1345-33', 'Berlinersrt. 55, Dortmund 44232', NULL, 3, '2010-12-22 23:23:59', ''),
(16341, 'Elenor Autowerkstatt', 'www.auto-elenor.de', 'info@auto-elenor.de', NULL, 504, NULL, '0049 (0)2435-14-26-37', 'Freier Platz 19, 22033 Neustadt', NULL, 5, '2010-12-22 23:24:49', ''),
(16342, 'Fiona Friseursalon', 'www.fiona-salon.net', 'beratung@fiona-salon.net, info@fiona-salon.net', NULL, 504, NULL, '0049 (0)7439-38-59-263', 'Regenplatz 3, 39681 Mannheim', NULL, 3, '2010-12-22 23:25:19', ''),
(16343, 'Georgia Bauernhöfe', 'www.georgia-bauernhöfe.de', 'info@georgia.de', NULL, 504, NULL, '0049 (0)2349 112-1345-32, 0049 (0)2349 112-1345-33', 'Berlinersrt. 55, Dortmund 44232', NULL, 3, '2010-12-22 23:26:32', ''),
(16344, 'Honey Imkerbetriebe', 'www.honey-honig.de', 'info@honey.de', NULL, 504, NULL, '0049 (0)4949 449-3233-0', 'Zum Gartenteich 17-23, 4758 Bremen', NULL, 4, '2010-12-22 23:28:22', ''),
(16345, 'Ivo Sportausrüstung', 'www.ivo-sport.de', 'info@ivo-sport.de', NULL, 504, NULL, '0049 (0)2381 334-1254-01', 'Am Hafen 47, 59063 Hamm', NULL, 3, '2010-12-21 16:11:28', ''),
(16346, 'Jolie Kosmetik', 'www.kosmetik.de', 'beratung@kosmetik.de', NULL, 504, NULL, '0049 (0)1234 13 24 35 6', 'Moskauerstrasse 4-9, 10101 Hamburg', NULL, 4, '2010-12-21 15:56:33', ''),
(16347, 'Kezia Gewürze', 'www.kezia-gewürze.de', 'info@gewürze.de', NULL, 503, NULL, '0049 (0)4949 449-3233-0', 'Zum Gartenteich 17-23, 4758 Bremen', NULL, 3, '2010-12-21 18:16:54', ''),
(16348, 'Larök Kioskbetriebe', 'www.laroek.de', 'info@laroek.de', NULL, 503, NULL, '0049 (0)2381 334-1254-01', 'Am Hafen 47, 59063 Hamm', NULL, 3, '2010-12-21 16:13:57', ''),
(16349, 'Marin Bootsbau und Verleih', 'www.marin-boot.de', 'info@marin-boot.de', NULL, 504, NULL, '0049 (0)2349 112-1345-32, 0049 (0)2349 112-1345-33', 'Berlinersrt. 55, Dortmund 44232', NULL, 2, '2010-12-20 20:41:29', ''),
(16350, 'Naiara Reisebüro', 'www.naiara.de', 'info@naiara.de', NULL, 504, NULL, '0049 (0)2435-14-26-37', 'Freier Platz 19, 22033 Neustadt', NULL, 2, '2010-12-20 20:49:51', ''),
(16351, 'Philipp Pferderange', 'www.philipp-pferderange.de', 'info@pferderange.de', NULL, 504, NULL, '0049 (0)1234 13 24 35 6', 'Moskauerstrasse 4-9, 10101 Hamburg', NULL, 2, '2010-12-20 21:13:42', ''),
(16352, 'Quintus Stahlverarbeitung', 'www.quintus-stahl.de', 'info@quintus-stahl.de', NULL, 504, NULL, '0049 (0)2381 334-1254-01', 'Am Hafen 47, 59063 Hamm', NULL, 2, '2010-12-20 21:22:18', ''),
(16353, 'Randolf Druckerei', 'www.randolf-druckerei.de', 'beratung@randolf.de, info@randolf.de', NULL, 504, NULL, '0049 (0)4949 449-3233-0', 'Zum Gartenteich 17-23, 4758 Bremen', NULL, 2, '2010-12-20 21:32:43', ''),
(16354, 'Selma Ferienanlage', 'www.selma-ferien.de', 'info@selma-ferien.de', NULL, 504, NULL, '0049 (0)2349 112-1345-32, 0049 (0)2349 112-1345-33', 'Berlinersrt. 55, Dortmund 44232', NULL, 2, '2010-12-20 21:49:31', ''),
(16355, 'Tamika Süßwaren', 'www.tamika-sueßwaren.de', 'info@tamika.de', NULL, 504, NULL, '0049 (0)2435-14-26-37', 'Freier Platz 19, 22033 Neustadt', NULL, 3, '2010-12-21 16:23:08', ''),
(16356, 'Urban Städtereisen', 'www.urban-stadtreisen.de', 'service@urban-stadtreisen.de', NULL, 504, NULL, '0049 (0)4949 449-3233-0', 'Zum Gartenteich 17-23, 4758 Bremen', NULL, 2, '2010-12-20 22:30:07', ''),
(16357, 'Valentin Bäckerei', 'www.valentin-baeckerei.de', 'service@valentin-baecker.de', NULL, 504, NULL, '0049 (0)2349 112-1345-32, 0049 (0)2349 112-1345-33', 'Berlinersrt. 55, Dortmund 44232', NULL, 2, '2010-12-20 22:43:23', ''),
(16358, 'Winston Weingut', 'www.winston-weingut.de', 'service@winston-weingut.de', NULL, 504, NULL, '0049 (0)4949 449-3233-0', 'Zum Gartenteich 17-23, 4758 Bremen', NULL, 2, '2010-12-20 22:58:49', ''),
(16359, 'Xaver Hausbau', 'www.xaver-hausbau.de', 'service@xaver-hausbau.de', NULL, 504, NULL, '0049 (0)2381 334-1254-01', 'Am Hafen 47, 59063 Hamm', NULL, 2, '2010-12-20 23:03:51', ''),
(16360, 'Yes Restaurant', 'www.yes-restaurant.de', 'info@yes-restaurant.de', NULL, 503, NULL, '0049 (0)2349 112-1345-32, 0049 (0)2349 112-1345-33', 'Berlinersrt. 55, Dortmund 44232', NULL, 2, '2010-12-20 23:17:03', ''),
(16361, 'Zeppelin Getriebetechnik', 'www.zeppelin-technik.de', 'service@zeppelin-technik.de', NULL, 504, NULL, '0049 (0)2381 334-1254-01', 'Am Hafen 47, 59063 Hamm', NULL, 2, '2010-12-20 23:25:09', ''),
(16362, 'Addi GmbH', 'www.addi-firma.de', 'info@addi-firma.de', NULL, 503, NULL, '0049 (0)2349 112-1345-32, 0049 (0)2349 112-1345-33', 'Berlinersrt. 55, Dortmund 44232', NULL, 6, '2010-12-22 23:19:10', '');

TRUNCATE TABLE `dacons_companies_labels`;
INSERT INTO `dacons_companies_labels` (`company_id`,`label_id`) VALUES
(16304, 7829),
(16304, 7835),
(16305, 7852),
(16309, 7852),
(16309, 7858),
(16310, 7853),
(16310, 7857),
(16311, 7852),
(16311, 7856),
(16312, 7852),
(16312, 7858),
(16313, 7854),
(16313, 7858),
(16314, 7853),
(16314, 7857),
(16314, 7863),
(16315, 7854),
(16315, 7857),
(16316, 7852),
(16316, 7856),
(16317, 7854),
(16317, 7857),
(16317, 7863),
(16318, 7853),
(16318, 7858),
(16319, 7854),
(16319, 7858),
(16320, 7854),
(16320, 7856),
(16321, 7852),
(16321, 7857),
(16322, 7854),
(16322, 7858),
(16322, 7864),
(16323, 7854),
(16323, 7856),
(16324, 7852),
(16324, 7856),
(16325, 7854),
(16325, 7858),
(16326, 7854),
(16326, 7856),
(16326, 7863),
(16327, 7854),
(16327, 7858),
(16327, 7864),
(16328, 7852),
(16328, 7858),
(16328, 7864),
(16329, 7852),
(16329, 7858),
(16329, 7864),
(16330, 7852),
(16330, 7862),
(16331, 7853),
(16331, 7857),
(16331, 7864),
(16332, 7852),
(16332, 7856),
(16332, 7862),
(16333, 7852),
(16333, 7858),
(16333, 7864),
(16334, 7854),
(16334, 7856),
(16334, 7863),
(16335, 7852),
(16335, 7856),
(16336, 7852),
(16336, 7859),
(16336, 7862),
(16338, 7852),
(16338, 7859),
(16338, 7863),
(16339, 7852),
(16339, 7856),
(16340, 7852),
(16340, 7859),
(16342, 7852),
(16342, 7858),
(16342, 7864),
(16344, 7852),
(16344, 7859),
(16345, 7852),
(16345, 7856),
(16346, 7852),
(16346, 7858),
(16346, 7864),
(16347, 7852),
(16347, 7859),
(16348, 7852),
(16348, 7856),
(16350, 7852),
(16350, 7858),
(16351, 7852),
(16351, 7863),
(16352, 7852),
(16352, 7863),
(16353, 7852),
(16354, 7852),
(16354, 7858),
(16355, 7852),
(16356, 7852),
(16357, 7852),
(16358, 7852),
(16359, 7852),
(16360, 7852),
(16361, 7852),
(16362, 7852),
(16362, 7858),
(16362, 7862);

TRUNCATE TABLE `dacons_company_properties`;
INSERT INTO `dacons_company_properties` (`id`,`INN`,`KPP`,`settlementAccount`,`bank`,`BIK`,`account`,`OKPO`,`OKONH`,`OGRN`,`OKVED`,`additionalText`,`company_id`,`cname`,`director`,`address`,`num`) VALUES
(16367, '', '', '', '', '', '', '', '', '', '', NULL, 16304, '', '', '', 0),
(16368, '', '', '', '', '', '', '', '', '', '', NULL, 16305, '', '', '', 0),
(16369, '', '', '', '', '', '', '', '', '', '', NULL, 16306, '', '', '', 0),
(16370, '', '', '', '', '', '', '', '', '', '', NULL, 16307, '', '', '', 0),
(16371, '', '', '', '', '', '', '', '', '', '', NULL, 16308, '', '', '', 0),
(16372, 'Am Hafen 47, 59063 Hamm', '478 793 42', '922-4569', 'ADA Bank', '73-75421-98', '9863245775-1387', '', '7534897', '', '', NULL, 16309, 'Caeser Logistics', 'Dr. Andreas Weret', '002356450', 0),
(16373, 'Moskauerstrasse 4-9, 10101 Hamburg', '444 123 05', '434-2534', 'Sparbank ', '86-89143-23', '243547592-3524', '', '5671239', '', '', NULL, 16310, 'Anton und Co KG', 'Anton Wieher', '000044333118', 0),
(16374, 'Zum Gartenteich 17-23, 4758 Bremen', '460606813', '836-4736', 'Green Bank of Scotland', '90-18365-49', '945875094-5902', '', '9928457', '', '', NULL, 16311, 'Berta Gartenbau', 'Berta Eichendorf', '0001244359', 0),
(16375, 'Zum Gartenteich 17-23, 4758 Bremen', '460606813', '836-4736', 'Green Bank of Scotland', '90-18365-49', '945875094-5902', '', '9928457', '', '', NULL, 16312, '123 Verkauf', 'Berta Eichendorf', '0001244359', 0),
(16376, 'Moskauerstrasse 4-9, 10101 Hamburg', '444 123 05', '434-2534', 'Sparbank', '86-89143-23', '243547592-3524', '', '5671239', '', '', NULL, 16313, 'Dora Veranstaltungen', 'Dora Wieher', '000044333118', 0),
(16377, 'Zum Gartenteich 17-23, 4758 Bremen', '460606813', '836-4736', 'Green Bank of Scotland', '90-18365-49', '945875094-5902', '', '9928457', '', '', NULL, 16314, 'Emil Fabrik', 'Emil Eichendorf', '0001244359', 0),
(16378, 'Am Hafen 47, 59063 Hamm', '478 793 42', '922-4569', 'ADA Bank', '73-75421-98', '9863245775-1387', '', '7534897', '', '', NULL, 16315, 'Friedrich Schlüsseldienst', 'Andreas Weret', '002356450', 0),
(16379, 'Moskauerstrasse 4-9, 10101 Hamburg', '444 123 05', '434-2534', 'Sparbank', '86-89143-23', '243547592-3524', '', '5671239', '', '', NULL, 16316, 'Gustav Botendienst', 'Anton Wieher', '000044333118', 0),
(16380, 'Freier Platz 19, 22033 Neustadt', '377 812 01', '453-8374', 'Cube Bank', '99-36543-83', '918273645-5623', '', '5656734', '', '', NULL, 16317, 'Heinrich Security', 'Heinrich Chripkin', '3645234', 0),
(16381, 'Regenplatz 3, 39681 Mannheim', '98735499', '756-4678', 'Investition Bank', '87-89766-34', '9876543676-8753', '', '09098674', '', '', NULL, 16318, 'Iris Farben GmbH', 'Clara Riegenkamp', '9875248', 0),
(16382, 'Berlinersrt. 55, Dortmund 44232', '12314', '214423', 'Commerzbank', '35-43683-346', '324532453-2435', '', '3453245-2345-6', '', '', NULL, 16319, 'Justus Anwaltskanzlei', 'Jörg Lindermann', '1234321238', 0),
(16383, 'Freier Platz 19, 22033 Neustadt', '377 812 01', '453-8374', 'Cube Bank', '99-36543-83', '918273645-5623', '', '5656734', '', '', NULL, 16320, 'Kaufmann Anlagenberatung', 'Michael Kaufmann', '3645234', 0),
(16384, 'Regenplatz 3, 39681 Mannheim', '98735499', '756-4678', 'Investition Bank', '87-89766-34', '9876543676-8753', '', '09098674', '', '', NULL, 16321, 'Ludwig AG', 'Ludwig Riegenkamp', '9875248', 0),
(16385, 'Moskauerstrasse 4-9, 10101 Hamburg', '444 123 05', '434-2534', 'Sparbank', '86-89143-23', '243547592-3524', '', '5671239', '', '', NULL, 16322, 'Much and More Beauty Salon', 'Antonia Wieher', '000044333118', 0),
(16386, 'Zum Gartenteich 17-23, 4758 Bremen', '460606813', '836-4736', 'Green Bank of Scotland', '90-18365-49', '945875094-5902', '', '9928457', '', '', NULL, 16323, 'Norbert Verglasung', 'Norbert Eichendorf', '0001244359', 0),
(16387, 'Regenplatz 3, 39681 Mannheim', '98735499', '756-4678', 'Investition Bank', '87-89766-34', '9876543676-8753', '', '09098674', '', '', NULL, 16324, 'Otto Immobilien', 'Clara Riegenkamp', '9875248', 0),
(16388, 'Am Hafen 47, 59063 Hamm', '478 793 42', '922-4569', 'ADA Bank', '73-75421-98', '9863245775-1387', '', '7534897', '', '', NULL, 16325, 'Ökonom Beratungsdienst', 'Andreas Weret', '002356450', 0),
(16389, 'Berlinersrt. 55, Dortmund 44232', '12314', '214423', 'Commerzbank', '35-43683-346', '324532453-2435', '', '3453245-2345-6', '', '', NULL, 16326, 'Paul Tiefbau', 'Jörg Lindermann', '1234321238', 0),
(16390, 'Freier Platz 19, 22033 Neustadt', '377 812 01', '453-8374', 'Cube Bank', '99-36543-83', '918273645-5623', '', '5656734', '', '', NULL, 16327, 'Quelle Innenausstattung', 'Michael Chripkin', '3645234', 0),
(16391, 'Regenplatz 3, 39681 Mannheim', '98735499', '756-4678', 'Investition Bank', '87-89766-34', '9876543676-8753', '', '09098674', '', '', NULL, 16328, 'Rüdiger Autovermietung', 'Clara Rüdiger', '9875248', 0),
(16392, 'Moskauerstrasse 4-9, 10101 Hamburg', '444 123 05', '434-2534', 'Sparbank', '86-89143-23', '243547592-3524', '', '5671239', '', '', NULL, 16329, 'Silvester Blumen', 'Silvester Wieher', '000044333118', 0),
(16393, 'Am Hafen 47, 59063 Hamm', '478 793 42', '922-4569', 'ADA Bank', '73-75421-98', '9863245775-1387', '', '7534897', '', '', NULL, 16330, 'Tycho Technik', 'Dr. Andreas Weret', '002356450', 0),
(16394, 'Regenplatz 3, 39681 Mannheim', '98735499', '756-4678', 'Investition Bank', '87-89766-34', '9876543676-8753', '', '09098674', '', '', NULL, 16331, 'Ursus Catering', 'Clara Riegenkamp', '9875248', 0),
(16395, 'Moskauerstrasse 4-9, 10101 Hamburg', '444 123 05', '434-2534', 'Sparbank', '86-89143-23', '243547592-3524', '', '5671239', '', '', NULL, 16332, 'Vitalis Pharma AG', 'Anton Wieher', '000044333118', 0),
(16396, 'Freier Platz 19, 22033 Neustadt', '377 812 01', '453-8374', 'Cube Bank', '99-36543-83', '918273645-5623', '', '5656734', '', '', NULL, 16333, 'Walburga Steindekor', 'Michael Chripkin', '3645234', 0),
(16397, 'Regenplatz 3, 39681 Mannheim', '98735499', '756-4678', 'Investition Bank', '87-89766-34', '9876543676-8753', '', '09098674', '', '', NULL, 16334, 'Xenia Management', 'Sebastian Zikulawski', '9875248', 0),
(16398, 'Moskauerstrasse 4-9, 10101 Hamburg', '444 123 05', '434-2534', 'Sparbank', '86-89143-23', '243547592-3524', '', '5671239', '', '', NULL, 16335, 'Yusus Druckerei', 'Anton Wieher', '000044333118', 0),
(16399, 'Freier Platz 19, 22033 Neustadt', '377 812 01', '453-8374', 'Cube Bank', '99-36543-83', '918273645-5623', '', '5656734', '', '', NULL, 16336, 'Zulu Profiltechnik', 'Michael Chripkin', '3645234', 0),
(16400, '', '', '', '', '', '', '', '', '', '', NULL, 16337, '', '', '', 0),
(16401, 'Freier Platz 19, 22033 Neustadt', '377 812 01', '453-8374', 'Cube Bank', '99-36543-83', '918273645-5623', '', '5656734', '', '', NULL, 16338, 'Beat Musikstudio', 'Michael Chripkin', '3645234', 0),
(16402, 'Regenplatz 3, 39681 Mannheim', '98735499', '756-4678', 'Investition Bank', '87-89766-34', '9876543676-8753', '', '09098674', '', '', NULL, 16339, 'Ceara Beleuchtungen und Innendekor', 'Clara Riegenkamp', '9875248', 0),
(16403, 'Berlinersrt. 55, Dortmund 44232', '12314', '214423', 'Commerzbank', '35-43683-346', '324532453-2435', '', '3453245-2345-6', '', '', NULL, 16340, 'Deri Holzverarbeitung', 'Jörg Lindermann', '1234321238', 0),
(16404, 'Freier Platz 19, 22033 Neustadt', '377 812 01', '453-8374', 'Cube Bank', '99-36543-83', '918273645-5623', '', '5656734', '', '', NULL, 16341, 'Elenor Autowerkstatt', 'Michael Chripkin', '3645234', 0),
(16405, 'Regenplatz 3, 39681 Mannheim', '98735499', '756-4678', 'Investition Bank', '87-89766-34', '9876543676-8753', '', '09098674', '', '', NULL, 16342, 'Fiona Friseursalon', 'Fiona Riegenkamp', '9875248', 0),
(16406, 'Berlinersrt. 55, Dortmund 44232', '12314', '214423', 'Commerzbank', '35-43683-346', '324532453-2435', '', '3453245-2345-6', '', '', NULL, 16343, 'Georgia Bauernhöfe', 'Jörg Lindermann', '1234321238', 0),
(16407, 'Zum Gartenteich 17-23, 4758 Bremen', '460606813', '836-4736', 'Green Bank of Scotland', '90-18365-49', '945875094-5902', '', '9928457', '', '', NULL, 16344, 'Honey Imkerbetriebe', 'Berta Eichendorf', '0001244359', 0),
(16408, 'Am Hafen 47, 59063 Hamm', '478 793 42', '922-4569', 'ADA Bank', '73-75421-98', '9863245775-1387', '', '7534897', '', '', NULL, 16345, 'Ivo Sportausrüstung', 'Dr. Andreas Weret', '002356450', 0),
(16409, 'Moskauerstrasse 4-9, 10101 Hamburg', '444 123 05', '434-2534', 'Sparbank', '86-89143-23', '243547592-3524', '', '5671239', '', '', NULL, 16346, 'Jolie Kosmetik', 'Angelina Wieher', '000044333118', 0),
(16410, 'Zum Gartenteich 17-23, 4758 Bremen', '460606813', '836-4736', 'Green Bank of Scotland', '90-18365-49', '945875094-5902', '', '9928457', '', '', NULL, 16347, 'Kezia Gewürze', 'Berta Eichendorf', '0001244359', 0),
(16411, 'Am Hafen 47, 59063 Hamm', '478 793 42', '922-4569', 'ADA Bank', '73-75421-98', '9863245775-1387', '', '7534897', '', '', NULL, 16348, 'Larök Kioskbetriebe', 'Andreas Weret', '002356450', 0),
(16412, 'Berlinersrt. 55, Dortmund 44232', '12314', '214423', 'Commerzbank', '35-43683-346', '324532453-2435', '', '3453245-2345-6', '', '', NULL, 16349, 'Marin Bootsbau und Verleih', 'Jörg Lindermann', '1234321238', 0),
(16413, 'Freier Platz 19, 22033 Neustadt', '377 812 01', '453-8374', 'Cube Bank', '99-36543-83', '918273645-5623', '', '5656734', '', '', NULL, 16350, 'Naiara Reisebüro', 'Michael Chripkin', '3645234', 0),
(16414, 'Moskauerstrasse 4-9, 10101 Hamburg', '444 123 05', '434-2534', 'Sparbank', '86-89143-23', '243547592-3524', '', '5671239', '', '', NULL, 16351, 'Philipp Pferderange', 'Philipp Wieher', '000044333118', 0),
(16415, 'Am Hafen 47, 59063 Hamm', '478 793 42', '922-4569', 'ADA Bank', '73-75421-98', '9863245775-1387', '', '7534897', '', '', NULL, 16352, 'Quintus Stahlverarbeitung', 'Dr. Andreas Weret', '002356450', 0),
(16416, 'Zum Gartenteich 17-23, 4758 Bremen', '460606813', '836-4736', 'Green Bank of Scotland', '90-18365-49', '945875094-5902', '', '9928457', '', '', NULL, 16353, 'Randolf Druckerei', 'Berta Eichendorf', '0001244359', 0),
(16417, 'Berlinersrt. 55, Dortmund 44232', '12314', '214423', 'Commerzbank', '35-43683-346', '324532453-2435', '', '3453245-2345-6', '', '', NULL, 16354, 'Selma Ferienanlage', 'Jörg Lindermann', '1234321238', 0),
(16418, 'Freier Platz 19, 22033 Neustadt', '377 812 01', '453-8374', 'Cube Bank', '99-36543-83', '918273645-5623', '', '5656734', '', '', NULL, 16355, 'Tamika Süßwaren', 'Lee Tamika', '3645234', 0),
(16419, 'Zum Gartenteich 17-23, 4758 Bremen', '460606813', '836-4736', 'Green Bank of Scotland', '90-18365-49', '945875094-5902', '', '9928457', '', '', NULL, 16356, 'Urban Städtereisen', 'Berta Eichendorf', '0001244359', 0),
(16420, 'Berlinersrt. 55, Dortmund 44232', '12314', '214423', 'Commerzbank', '35-43683-346', '324532453-2435', '', '3453245-2345-6', '', '', NULL, 16357, 'Valentin Bäckerei', 'Valentin Lindermann', '1234321238', 0),
(16421, 'Zum Gartenteich 17-23, 4758 Bremen', '460606813', '836-4736', 'Green Bank of Scotland', '90-18365-49', '945875094-5902', '', '9928457', '', '', NULL, 16358, 'Winston Weingut', 'Berta Eichendorf', '0001244359', 0),
(16422, 'Am Hafen 47, 59063 Hamm', '478 793 42', '922-4569', 'ADA Bank', '73-75421-98', '9863245775-1387', '', '7534897', '', '', NULL, 16359, 'Xaver Hausbau', 'Dr. Andreas Weret', '002356450', 0),
(16423, 'Berlinersrt. 55, Dortmund 44232', '12314', '214423', 'Commerzbank', '35-43683-346', '324532453-2435', '', '3453245-2345-6', '', '', NULL, 16360, 'Yes Restaurant', 'Jörg Lindermann', '1234321238', 0),
(16424, 'Am Hafen 47, 59063 Hamm', '478 793 42', '922-4569', 'ADA Bank', '73-75421-98', '9863245775-1387', '', '7534897', '', '', NULL, 16361, 'Zeppelin Getriebetechnik', 'Dr. Sergej Steinfort', '002356450', 0),
(16425, 'Berlinersrt. 55, Dortmund 44232', '12314', '214423', 'Commerzbank', '35-43683-346', '324532453-2435', '', '3453245-2345-6', '', '', NULL, 16362, 'Addi GmbH', 'Jörg Lindermann', '1234321238', 0);

TRUNCATE TABLE `dacons_customers`;
INSERT INTO `dacons_customers` (`id`,`name`,`GMT`,`master`,`reg_date`) VALUES
(312, 'Unternehmensname', 3, 0, '2008-10-09 16:15:16');

TRUNCATE TABLE `dacons_desktop`;

TRUNCATE TABLE `dacons_events`;
INSERT INTO `dacons_events` (`id`,`date`,`name`,`comment`,`company_id`) VALUES
(20907, '2008-10-09 15:41:37', 'Anruf', 'Details', 16304),
(20909, '2008-10-10 17:48:13', 'Der Kontakt wurde vom Administrator an dfcz (Administrator) übergeben', '<br>', 16306),
(20910, '2008-10-16 16:13:22', 'Der Kontakt wurde vom dfcz an Mustermann (Administrator) übergeben', '<br>', 16306),
(20911, '2008-11-06 16:48:45', 'Ereignis', 'Details', 16306),
(20916, '2010-12-17 11:57:09', 'Lieferung', 'Lieferung erfolgte sher pünktlich, alle Wagen sind in einem Topzustand! ', 16309),
(20913, '2010-12-16 17:21:11', 'Lieferung', 'schnelle Lieferung, Produkt im einwanfreien Zustand', 16310),
(20914, '2010-12-16 18:05:20', 'Zusammenarbeit', 'Absolut proffesionell und zuverlässig', 16338),
(20915, '2010-12-17 11:33:20', 'Qualität der Arbeit', 'Die Arbeit wurde zur absoluten Zufriedenheti ausgeführt! Sehr freundlich und kompetent.', 16311),
(20918, '2010-12-20 16:14:11', 'Kundenfeedback', 'Alle Kunden sind sehr zufrieden mit der Arbeit und von der freundlichen und professionelle Art schlicht begeistert!', 16339),
(20919, '2010-12-20 21:46:30', 'Telefonat', 'Erfolg! Arbeiten weiter!', 16362),
(20931, '2010-12-21 18:00:30', 'Kontakt wurde von Georg Mustermann an Franz Mustermann (Georg Mustermann) übergeben', '<br>', 16327),
(20932, '2010-12-21 18:06:46', 'Georg Mustermann: Kontakt wurde von Georg Mustermann an Franz Mustermann übergeben', '<br>', 16347);

TRUNCATE TABLE `dacons_export_pendingdata`;

TRUNCATE TABLE `dacons_export_status`;

TRUNCATE TABLE `dacons_favorite_companies`;
INSERT INTO `dacons_favorite_companies` (`company_id`,`user_id`) VALUES
(16309, 502),
(16313, 504),
(16327, 503),
(16330, 504),
(16337, 503),
(16362, 503);

TRUNCATE TABLE `dacons_forummessages`;

TRUNCATE TABLE `dacons_forumtopics`;

TRUNCATE TABLE `dacons_groups`;

TRUNCATE TABLE `dacons_groups_rights`;

TRUNCATE TABLE `dacons_history`;
INSERT INTO `dacons_history` (`id`,`company_id`,`updated`,`user_id`,`locked`) VALUES
(41404, 16304, '2008-10-09 15:41:38', 496, '0'),
(41407, 16306, '2008-10-10 18:05:12', 499, '0'),
(41419, 16306, '2008-11-12 15:23:04', 501, '1'),
(41420, 16307, '0000-00-00 00:00:00', 501, '1'),
(41568, 16324, '0000-00-00 00:00:00', 503, '1'),
(41564, 16362, '0000-00-00 00:00:00', 503, '1'),
(41567, 16319, '0000-00-00 00:00:00', 503, '1'),
(41566, 16337, '0000-00-00 00:00:00', 503, '1'),
(41565, 16339, '0000-00-00 00:00:00', 503, '1'),
(41571, 16338, '2010-12-22 23:11:16', 504, '0'),
(41570, 16310, '2010-12-22 23:10:17', 504, '0'),
(41559, 16355, '0000-00-00 00:00:00', 504, '1'),
(41558, 16330, '0000-00-00 00:00:00', 504, '1'),
(41557, 16313, '2010-12-22 23:14:28', 504, '1'),
(41556, 16341, '2010-12-22 23:14:49', 504, '1'),
(41555, 16311, '2010-12-22 23:12:01', 504, '1'),
(41569, 16362, '2010-12-22 23:10:13', 504, '0'),
(41553, 16355, '2010-12-21 16:13:26', 502, '0'),
(41572, 16309, '2010-12-22 23:12:51', 504, '0'),
(41573, 16339, '2010-12-22 23:13:39', 504, '0'),
(41574, 16340, '2010-12-22 23:13:59', 504, '0'),
(41575, 16314, '2010-12-22 23:15:01', 504, '0'),
(41576, 16342, '2010-12-22 23:15:19', 504, '0'),
(41577, 16315, '2010-12-22 23:16:11', 504, '0'),
(41578, 16343, '2010-12-22 23:16:32', 504, '0'),
(41579, 16337, '2010-12-22 23:16:45', 504, '0'),
(41580, 16316, '2010-12-22 23:17:00', 504, '0'),
(41581, 16317, '2010-12-22 23:17:28', 504, '0'),
(41582, 16344, '2010-12-22 23:18:22', 504, '0');

TRUNCATE TABLE `dacons_labels`;
INSERT INTO `dacons_labels` (`id`,`name`,`parent_id`,`customer_id`,`picture`,`viewed`,`viewed_date`) VALUES
(7851, 'Typ', 0, 312, 'label0.jpg', 0, '0000-00-00 00:00:00'),
(7852, 'Kunde', 7851, 312, 'label0.jpg', 2, '2010-12-16 14:10:45'),
(7853, 'Lieferant', 7851, 312, 'label0.jpg', 0, '0000-00-00 00:00:00'),
(7854, 'Partner/Sonstiges', 7851, 312, 'label0.jpg', 0, '0000-00-00 00:00:00'),
(7855, 'Kundenquelle', 0, 312, 'label0.jpg', 0, '0000-00-00 00:00:00'),
(7856, 'Werbung', 7855, 312, 'label0.jpg', 1, '2008-11-11 14:36:35'),
(7857, 'Suchmaschine', 7855, 312, 'label0.jpg', 1, '2010-12-16 16:11:05'),
(7858, 'Empfehlung', 7855, 312, 'label0.jpg', 1, '2010-12-16 16:14:23'),
(7859, 'Sonstiges', 7855, 312, 'label0.jpg', 0, '0000-00-00 00:00:00'),
(7861, 'Wichtigkeit', 0, 312, 'label0.jpg', 0, '0000-00-00 00:00:00'),
(7862, 'Stammkunde', 7861, 312, 'label0.jpg', 2, '2010-12-17 11:19:15'),
(7863, 'Perspektive', 7861, 312, 'label0.jpg', 1, '2010-12-16 16:13:49'),
(7864, 'Image-Kunge', 7861, 312, 'label0.jpg', 2, '2010-12-21 15:55:00');

TRUNCATE TABLE `dacons_loginwaiting`;

TRUNCATE TABLE `dacons_mreminders`;

TRUNCATE TABLE `dacons_mreminders_companies`;

TRUNCATE TABLE `dacons_people`;
INSERT INTO `dacons_people` (`id`,`fio`,`email`,`comment`,`phone`) VALUES
(57897, 'Herr Michael Chripkin', 'chripkin@music.com', '02435-14-26-38. Geschäftsführer, reist viel', ''),
(57902, 'Herr Dr. Andreas Weret', 'weret@caeser-logistics.com', 'Geschäftsführer, Technikbegeister, fährt gern auch mal selber einen LKW', '02381 334-1254-07, 01577 323-756-887'),
(57775, 'Gero Huber', 'huber@example.de', 'Geschäftsführer, spielt Tennis', ''),
(57907, 'Herr Anton Wieher', 'wieher@anton-filter.de', 'Geschäftsführer, Rennsportfanatiker, Geburtstag 07.07.1977', '01234-13-24-35-1'),
(57908, 'Frau Angelina Wieher', 'a.wieher@anton-filter.de', 'Personalabteilung, liebt die Oper und das Theater', '01234-13-24-35-2'),
(57901, 'Herr Rudolf Haber', 'haber@wunsch-garten.de', 'Einkauf, Triathlet und Fussballfan', '04949 449-3233-14'),
(57903, 'Frau Diana Schmeit', 'schmeit@caeser-logistics.com', 'Vorsitzende der Gewerkschaft, engagiert sich ehrenamtlich', '02381 334-1254-06'),
(57898, 'Frau Patricia Wolf', 'wolf@music.com', '02435-14-26-39 Assistentin, liebt Musicals', ''),
(57900, 'Frau Janette Steitmann', 'steitmann@wunsch-garten.de', 'Sekretärin, Modebegeistert', '04949 449-3233-1'),
(57899, 'Frau Berta Eichendorf', 'eichendorf@wunsch-garten.de', 'Geschäftsführerin, liest sehr gerne, Geburtstag 13.01.1963', '04949 449-3233-11'),
(57904, 'Herr Adam Zikulawski', 'zikulawski@caeser-logistics.de', 'Öffentlichkeitsarbeit, Hobbyrennfahrer und Oldtimerliebhaber', '02381 334-1254-01'),
(57892, 'Herr Jörg Lindermann', 'lindermann@addi-firma.de', 'Geschäftsführer, Geburtstag 12.01.1968, liebt Hunde und die Jagd', '02349 112-1345-01'),
(57893, 'Frau Holz', 'holz@addi-firma.de', 'Buchhaltung', '02349 112-1345-015'),
(57894, 'Franz', 'franz@addi-firma.de', 'Systemadministrator', ''),
(57906, 'Frau Fionna Speher', 'beratung@ceara-licht.net, speher@ceara-licht.de', 'Kundenberatung, ausgezeichnete Köchin', '07439-38-59-586'),
(57905, 'Frau Clara Riegenkamp', 'riegenkamp@ceara-licht.net', 'Geschäftsführerin, unternimmt gerne Sprachreisen und malt gerne', '0179 34-57-123, 07439-38-59-248'),
(57909, 'Herr Jörg Lindermann', 'lindermann@deri-holz.de', 'Geschäftsführer, Geburtstag 12.01.1968, liebt Hunde und die Jagd', '02349 112-1345-01'),
(57910, 'Frau Holz', 'holz@deri-holz.de', 'Buchhaltung', '02349 112-1345-015'),
(57911, 'Franz', 'franz@deri-holz.de', 'Systemadministrator', ''),
(58034, 'Frau Angelina Wieher', 'a.wieher@dora-veranstaltungen.de', 'Personalabteilung, Rennsportfanatiker', '01234-13-24-35-2'),
(58033, 'Frau Dora Wieher', 'wieher@dora-veranstaltungen.de', 'Geschäftsführerin, liebt die Oper und das Theater, Geburtstag 07.07.1977', '01234-13-24-35-1'),
(57917, 'Frau Patricia Wolf', 'wolf@auto-elenor.de', '02435-14-26-39 Sekretärin, liebt Musicals', ''),
(57916, 'Herr Michael Chripkin', 'chripkin@auto-elenor.de', '02435-14-26-38. Geschäftsführer, reist viel', ''),
(58037, 'Herr Rudolf Haber', 'haber@emil-fabrik.de', 'Einkauf, Triathlet und Fussballfan', '04949 449-3233-14'),
(58036, 'Frau Janette Steitmann', 'steitmann@emil-fabrik.de', 'Sekretärin, Modebegeistert', '04949 449-3233-1'),
(58035, 'Herr Emil Eichendorf', 'eichendorf@emil-fabrik.de', 'Geschäftsführer, liest sehr gerne, Geburtstag 13.01.1963', '04949 449-3233-11'),
(57921, 'Frau Fiona Riegenkamp', 'riegenkamp@fiona-salon.net', 'Geschäftsführerin, unternimmt gerne Sprachreisen und malt gerne', '0179 34-57-123, 07439-38-59-248'),
(57922, 'Frau Fionna Speher', 'beratung@fiona-salon.net, speher@fiona-salon.net', 'Kundenberatung, ausgezeichnete Köchin', '07439-38-59-586'),
(58040, 'Herr Adam Zikulawski', '', 'zikulawski@friedrich-schlüsseldienst.de, Außendienst, Hobbyrennfahrer und Oldtimerliebhaber', '02381 334-1254-01'),
(58039, 'Frau Diana Schmeit', '', 'schmeit@friedrich-schlüsseldienst.de, Sekretärin, engagiert sich ehrenamtlich', '02381 334-1254-06'),
(58038, 'Herr Andreas Weret', '', 'weret@friedrich-schlüsseldienst.de, Geschäftsführer, Technikbegeister', '02381 334-1254-07, 01577 323-756-887'),
(57926, 'Herr Jörg Lindermann', 'lindermann@georgia.de', 'Geschäftsführer, Geburtstag 12.01.1968, liebt Hunde und die Jagd', '02349 112-1345-01'),
(57927, 'Frau Holz', 'holz@georgia.de', 'Buchhaltung', '02349 112-1345-015'),
(57928, 'Herr Anton Wieher', 'wieher@botendienst.de', 'Geschäftsführer, Rennsportfanatiker, Geburtstag 07.07.1977', '01234-13-24-35-1'),
(57929, 'Frau Angelina Wieher', 'a.wieher@botendienst.de', 'Personalabteilung, liebt die Oper und das Theater', '01234-13-24-35-2'),
(57930, 'Herr Heinrich Chripkin', 'chripkin@security.com', '02435-14-26-38. Geschäftsführer, reist viel', ''),
(57931, 'Frau Patricia Wolf', 'wolf@security.com', '02435-14-26-39 Assistentin, liebt Musicals', ''),
(57932, 'Frau Berta Eichendorf', 'eichendorf@honey.de', 'Geschäftsführerin, liest sehr gerne, Geburtstag 13.01.1963', '04949 449-3233-11'),
(57933, 'Frau Janette Steitmann', 'steitmann@honey.de', 'Sekretärin, Modebegeistert', '04949 449-3233-1'),
(57934, 'Herr Rudolf Haber', 'haber@honey.de', 'Einkauf, Triathlet und Fussballfan', '04949 449-3233-14'),
(57935, 'Frau Clara Riegenkamp', 'riegenkamp@iris-farben.net', 'Geschäftsführerin, unternimmt gerne Sprachreisen und malt gerne', '0179 34-57-123, 07439-38-59-248'),
(57936, 'Frau Fionna Speher', 'beratung@ceara-licht.net, speher@iris-farben.net', 'Kundenberatung, ausgezeichnete Köchin', '07439-38-59-586'),
(58043, 'Herr Adam Zikulawski', 'zikulawski@ivo-sport.de', 'Öffentlichkeitsarbeit, Hobbyrennfahrer und Oldtimerliebhaber', '02381 334-1254-01'),
(58042, 'Frau Diana Schmeit', 'schmeit@ivo-sport.com', 'Verkauf, engagiert sich ehrenamtlich', '02381 334-1254-06'),
(58041, 'Herr Dr. Andreas Weret', 'weret@ivo-sport.com', 'Geschäftsführer, Technikbegeister', '02381 334-1254-07, 01577 323-756-887'),
(57943, 'Frau Ellena Holz', '', 'holz@anwälte.de, Sekretärin', '02349 112-1345-015'),
(57942, 'Herr Jörg Lindermann', '', 'lindermann@anwälte.de, Geschäftsführer, Geburtstag 12.01.1968, liebt Hunde und die Jagd', '02349 112-1345-01'),
(58031, 'Frau Angelina Wieher', 'wieher@kosmetik.de', 'Geschäftsführerin, liebt die Oper und das Theater, Geburtstag 07.07.1977', '01234-13-24-35-1'),
(58032, 'Herr Anton Wieher', 'a.wieher@kosmetik.de', 'Personalabteilung, Rennsportfanatiker', '01234-13-24-35-2'),
(57952, 'Herr Michael Kaufmann', 'chripkin@anlagen-beratung.de', 'Geschäftsführer, reist viel', '02435-14-26-38'),
(57953, 'Frau Patricia Wolf', 'wolf@anlagen-beratung.de', '02435-14-26-39 Assistentin, liebt Musicals', ''),
(57954, 'Frau Berta Eichendorf', '', 'eichendorf@gewürze.de, Geschäftsführerin, liest sehr gerne, Geburtstag 13.01.1963', '04949 449-3233-11'),
(57955, 'Frau Janette Steitmann', '', 'steitmann@gewürze.de, Sekretärin, Modebegeistert', '04949 449-3233-1'),
(57956, 'Herr Rudolf Haber', '', 'haber@gewürze.de, Einkauf, Triathlet und Fussballfan', '04949 449-3233-14'),
(58046, 'Herr Adam Zikulawski', 'zikulawski@laroek.de', 'Öffentlichkeitsarbeit, Hobbyrennfahrer und Oldtimerliebhaber', '02381 334-1254-01'),
(58045, 'Frau Diana Schmeit', 'schmeit@laroek.de', 'Vorsitzende der Gewerkschaft, engagiert sich ehrenamtlich', '02381 334-1254-06'),
(58044, 'Herr Andreas Weret', 'weret@laroek.de', 'Geschäftsführer, Technikbegeister', '02381 334-1254-07, 01577 323-756-887'),
(58048, 'Frau Fionna Speher', 'beratung@ludwig-ag.net, speher@ludwig-ag.de', 'Kundenberatung, ausgezeichnete Köchin', '07439-38-59-586'),
(58047, 'Herr Ludwig Riegenkamp', 'riegenkamp@ludwig-ag.de', 'Geschäftsführer, unternimmt gerne Sprachreisen und malt gerne', '0179 34-57-123, 07439-38-59-248'),
(57962, 'Herr Jörg Lindermann', 'lindermann@marin-boot.de', 'Geschäftsführer, Geburtstag 12.01.1968, liebt Hunde und die Jagd', '02349 112-1345-01'),
(57963, 'Frau Ellena Holz', 'holz@marin-boot.de', 'Buchhaltung', '02349 112-1345-015'),
(58050, 'Frau Angelina Wieher', 'a.wieher@anton-filter.de', 'Personalabteilung, liebt die Oper und das Theater', '01234-13-24-35-2'),
(58049, 'Frau Antonia Wieher', 'wieher@anton-filter.de', 'Geschäftsführerin, Mitglied in einer Band, Geburtstag 07.07.1977', '01234-13-24-35-1'),
(57966, 'Herr Michael Chripkin', 'chripkin@naiara.de', '02435-14-26-38. Geschäftsführer, reist viel', ''),
(57967, 'Frau Patricia Wolf', 'wolf@naiara.de', '02435-14-26-39 Assistentin, liebt Musicals', ''),
(58053, 'Herr Rudolf Haber', 'haber@norbert-verglasung.de', 'Einkauf, Triathlet und Fussballfan', '04949 449-3233-14'),
(58052, 'Frau Janette Steitmann', 'steitmann@norbert-verglasung.de', 'Sekretärin, Modebegeistert', '04949 449-3233-1'),
(58051, 'Herr Norbert Eichendorf', 'eichendorf@norbert-verglasung.de', 'Geschäftsführer, liest sehr gerne, Geburtstag 13.01.1963', '04949 449-3233-11'),
(58056, 'Herr Adam Zikulawski', 'zikulawski@oekonom.de', 'Öffentlichkeitsarbeit, Hobbyrennfahrer und Oldtimerliebhaber', '02381 334-1254-01'),
(58055, 'Frau Diana Schmeit', 'schmeit@oekonom.de', 'Vorsitzende der Gewerkschaft, engagiert sich ehrenamtlich', '02381 334-1254-06'),
(58054, 'Herr Dr. Andreas Weret', 'weret@oekonom.de', 'Geschäftsführer, Technikbegeister', '02381 334-1254-07, 01577 323-756-887'),
(58058, 'Frau Fionna Speher', 'beratung@otto-immo.net, speher@otto-immo.de', 'Kundenberatung, ausgezeichnete Köchin', '07439-38-59-586'),
(58057, 'Frau Clara Riegenkamp', 'riegenkamp@otto-immo.de', 'Geschäftsführerin, unternimmt gerne Sprachreisen und malt gerne', '0179 34-57-123, 07439-38-59-248'),
(57976, 'Herr Jörg Lindermann', 'lindermann@tiefbau.de', 'Geschäftsführer, Geburtstag 12.01.1968, liebt Hunde und die Jagd', '02349 112-1345-01'),
(57977, 'Frau Ellena Holz', 'holz@tiefbau.de', 'Buchhaltung', '02349 112-1345-015'),
(57978, 'Herr Franz Kaiser', 'kaiser@tiefbau.de', 'Systemadministrator', ''),
(57979, 'Herr Philipp Wieher', 'wieher@pferderange.de', 'Geschäftsführer, Rennsportfanatiker, Geburtstag 07.07.1977', '01234-13-24-35-1'),
(57980, 'Frau Angelina Wieher', 'a.wieher@pferderange.de', 'Personalabteilung, liebt die Oper und das Theater', '01234-13-24-35-2'),
(58060, 'Frau Patricia Wolf', 'wolf@innen-ausstattung.de', '02435-14-26-39 Assistentin, liebt Musicals', ''),
(58059, 'Herr Michael Chripkin', 'chripkin@innen-ausstattung.de', 'Geschäftsführer, reist viel', '02435-14-26-38'),
(57983, 'Frau Berta Eichendorf', 'eichendorf@randolf.de', 'Geschäftsführerin, liest sehr gerne, Geburtstag 13.01.1963', '04949 449-3233-11'),
(57984, 'Frau Janette Steitmann', 'steitmann@randolf.de', 'Sekretärin, Modebegeistert', '04949 449-3233-1'),
(57985, 'Herr Rudolf Haber', 'haber@randolf.de', 'Einkauf, Triathlet und Fussballfan', '04949 449-3233-14'),
(57986, 'Herr Dr. Andreas Weret', 'weret@quintus-stahl.de', 'Geschäftsführer, Technikbegeister, fährt gern auch mal selber einen LKW', '02381 334-1254-07, 01577 323-756-887'),
(57987, 'Frau Diana Schmeit', 'schmeit@quintus-stahl.de', 'Vorsitzende der Gewerkschaft, engagiert sich ehrenamtlich', '02381 334-1254-06'),
(57988, 'Herr Adam Zikulawski', 'zikulawski@quintus-stahl.de', 'Öffentlichkeitsarbeit, Hobbyrennfahrer und Oldtimerliebhaber', '02381 334-1254-01'),
(57989, 'Frau Clara Rüdiger', '', 'rüdiger@rüdiger-vermietung.de, Geschäftsführerin, unternimmt gerne Sprachreisen und malt gerne', '0179 34-57-123, 07439-38-59-248'),
(57990, 'Frau Fionna Speher', '', 'beratung@rüdiger-vermietung.de, speher@rüdiger-vermietung.de, Kundenberatung, ausgezeichnete Köchin', '07439-38-59-586'),
(57991, 'Herr Jörg Lindermann', 'lindermann@selma-ferien.de', 'Geschäftsführer, Geburtstag 12.01.1968, liebt Hunde und die Jagd', '02349 112-1345-01'),
(57992, 'Frau Ellena Holz', 'holz@selma-ferien.de', 'Buchhaltung', '02349 112-1345-015'),
(57993, 'Herr Silvester Wieher', 'wieher@blumen-silvester.de', 'Geschäftsführer, Rennsportfanatiker, Geburtstag 07.07.1977', '01234-13-24-35-1'),
(57994, 'Frau Angelina Wieher', 'a.wieher@blumen-silvester.de', 'Personalabteilung, liebt die Oper und das Theater', '01234-13-24-35-2'),
(58062, 'Frau Patricia Wolf', '', 'wolf@tamika-sueßwaren.de, 02435-14-26-39 Assistentin, liebt Musicals', ''),
(58061, 'Herr Lee Tamika', '', 'tamika@tamika-sueßwaren.de, Geschäftsführer, reist viel', '02435-14-26-38'),
(57997, 'Herr Dr. Andreas Weret', 'weret@tycho-technik.de', 'Geschäftsführer, Technikbegeister, fährt gern auch mal selber einen LKW', '02381 334-1254-07, 01577 323-756-887'),
(57998, 'Frau Diana Schmeit', 'schmeit@tycho-technik.de', 'Vorsitzende der Gewerkschaft, engagiert sich ehrenamtlich', '02381 334-1254-06'),
(57999, 'Herr Adam Zikulawski', 'zikulawski@tycho-technik.de', 'Öffentlichkeitsarbeit, Hobbyrennfahrer und Oldtimerliebhaber', '02381 334-1254-01'),
(58000, 'Frau Berta Eichendorf', 'eichendorf@urban-stadtreisen.de', 'Geschäftsführerin, liest sehr gerne, Geburtstag 13.01.1963', '04949 449-3233-11'),
(58001, 'Frau Janette Steitmann', 'steitmann@urban-stadtreisen.de', 'Sekretärin, Modebegeistert', '04949 449-3233-1'),
(58002, 'Herr Rudolf Haber', 'haber@urban-stadtreisen.de', 'Einkauf, Triathlet und Fussballfan', '04949 449-3233-14'),
(58003, 'Frau Clara Riegenkamp', 'riegenkamp@ursus-catering.de', 'Geschäftsführerin, unternimmt gerne Sprachreisen und malt gerne', '0179 34-57-123, 07439-38-59-248'),
(58004, 'Frau Fionna Speher', 'beratung@ursus-catering.de, speher@ursus-catering.de', 'Kundenberatung, ausgezeichnete Köchin', '07439-38-59-586'),
(58005, 'Herr Valentin Lindermann', 'lindermann@valentin-baecker.de', 'Geschäftsführer, Geburtstag 12.01.1968, liebt Hunde und die Jagd', '02349 112-1345-01'),
(58006, 'Frau Ellena Holz', 'holz@valentin-baecker.de', 'Buchhaltung', '02349 112-1345-015'),
(58007, 'Herr Anton Wieher', 'wieher@vitalis-pharma-ag.de', 'Geschäftsführer, Rennsportfanatiker, Geburtstag 07.07.1977', '01234-13-24-35-1'),
(58008, 'Frau Angelina Wieher', 'a.wieher@vitalis-pharma-ag.de', 'Personalabteilung, liebt die Oper und das Theater', '01234-13-24-35-2'),
(58009, 'Herr Michael Chripkin', 'chripkin@walburga-dekor.de', '02435-14-26-38. Geschäftsführer, reist viel', ''),
(58010, 'Frau Patricia Wolf', 'wolf@walburga-dekor.de', '02435-14-26-39 Assistentin, liebt Musicals', ''),
(58011, 'Frau Berta Eichendorf', 'eichendorf@winston-weingut.de', 'Geschäftsführerin, liest sehr gerne, Geburtstag 13.01.1963', '04949 449-3233-11'),
(58012, 'Frau Janette Steitmann', 'steitmann@winston-weingut.de', 'Sekretärin, Modebegeistert', '04949 449-3233-1'),
(58013, 'Herr Rudolf Haber', 'haber@winston-weingut.de', 'Einkauf, Triathlet und Fussballfan', '04949 449-3233-14'),
(58014, 'Herr Dr. Andreas Weret', 'weret@xaver-hausbau.de', 'Geschäftsführer, Technikbegeister, fährt gern auch mal selber einen LKW', '02381 334-1254-07, 01577 323-756-887'),
(58015, 'Frau Diana Schmeit', 'schmeit@xaver-hausbau.de', 'Vorsitzende der Gewerkschaft, engagiert sich ehrenamtlich', '02381 334-1254-06'),
(58016, 'Herr Adam Zikulawski', 'zikulawski@xaver-hausbau.de', 'Öffentlichkeitsarbeit, Hobbyrennfahrer und Oldtimerliebhaber', '02381 334-1254-01'),
(58064, 'Frau Fionna Speher', 'beratung@ceara-licht.net, speher@xenia-management.de', 'Kundenberatung, ausgezeichnete Köchin', '07439-38-59-586'),
(58063, 'Herr Sebastian Zikulawski', 'zikulawski@xenia-management.de', 'Geschäftsführer, unternimmt gerne Sprachreisen und malt gerne', '0179 34-57-123, 07439-38-59-248'),
(58019, 'Herr Jörg Lindermann', 'lindermann@yes-restaurant.de', 'Geschäftsführer, Geburtstag 12.01.1968, liebt Hunde und die Jagd', '02349 112-1345-01'),
(58020, 'Frau Ellena Holz', 'holz@yes-restaurant.de', 'Buchhaltung', '02349 112-1345-015'),
(58021, 'Herr Franz Kaiser', 'kaiser@yes-restaurant.de', 'Personalchef', ''),
(58022, 'Herr Anton Wieher', 'wieher@yusus-druck.de', 'Geschäftsführer, Rennsportfanatiker, Geburtstag 07.07.1977', '01234-13-24-35-1'),
(58023, 'Frau Angelina Wieher', 'a.wieher@yusus-druck.de', 'Personalabteilung, liebt die Oper und das Theater', '01234-13-24-35-2'),
(58024, 'Herr Dr. Sergej Steinfort', '', 'steinfort@zeppelin-technik.de@zeppelin-technik.de, Geschäftsführer, Technikbegeister, fährt gern auch mal selber einen LKW', '02381 334-1254-07, 01577 323-756-887'),
(58025, 'Herr Alexander Steifort', 'steinfort@zeppelin-technik.de', 'Vorsitzender der Gewerkschaft, engagiert sich ehrenamtlich', '02381 334-1254-06'),
(58026, 'Herr Michael Chripkin', 'chripkin@zulu-profiltechnik.de', '02435-14-26-38. Geschäftsführer, reist viel', ''),
(58027, 'Frau Patricia Wolf', 'wolf@zulu-profiltechnik.de', '02435-14-26-39 Assistentin, liebt Musicals', ''),
(58028, 'Frau Berta Eichendorf', 'eichendorf@123-verkauf.de', 'Geschäftsführerin, liest sehr gerne, Geburtstag 13.01.1963', '04949 449-3233-11'),
(58029, 'Frau Janette Steitmann', 'steitmann@123-verkauf.de', 'Sekretärin, Modebegeistert', '04949 449-3233-1'),
(58030, 'Herr Rudolf Haber', 'haber@123-verkauf.de', 'Einkauf, Triathlet und Fussballfan', '04949 449-3233-14');

TRUNCATE TABLE `dacons_people_company`;
INSERT INTO `dacons_people_company` (`id`,`person_id`,`company_id`,`appointment`) VALUES
(57764, 57764, 16304, NULL),
(57765, 57765, 16304, NULL),
(57904, 57904, 16309, NULL),
(57903, 57903, 16309, NULL),
(57902, 57902, 16309, NULL),
(57775, 57775, 16337, NULL),
(57776, 57776, 16414, NULL),
(57777, 57777, 16414, NULL),
(57778, 57778, 16414, NULL),
(57779, 57779, 16415, NULL),
(57780, 57780, 16415, NULL),
(57781, 57781, 16415, NULL),
(57782, 57782, 16416, NULL),
(57783, 57783, 16416, NULL),
(57784, 57784, 16416, NULL),
(57785, 57785, 16417, NULL),
(57786, 57786, 16417, NULL),
(57787, 57787, 16417, NULL),
(57788, 57788, 16418, NULL),
(57789, 57789, 16418, NULL),
(57790, 57790, 16418, NULL),
(57791, 57791, 16419, NULL),
(57792, 57792, 16419, NULL),
(57793, 57793, 16419, NULL),
(57794, 57794, 16420, NULL),
(57795, 57795, 16420, NULL),
(57796, 57796, 16420, NULL),
(57797, 57797, 16421, NULL),
(57798, 57798, 16421, NULL),
(57799, 57799, 16421, NULL),
(57800, 57800, 16422, NULL),
(57801, 57801, 16422, NULL),
(57802, 57802, 16422, NULL),
(57803, 57803, 16423, NULL),
(57804, 57804, 16423, NULL),
(57805, 57805, 16423, NULL),
(57806, 57806, 16424, NULL),
(57807, 57807, 16424, NULL),
(57808, 57808, 16424, NULL),
(57809, 57809, 16425, NULL),
(57810, 57810, 16425, NULL),
(57811, 57811, 16425, NULL),
(57812, 57812, 16426, NULL),
(57813, 57813, 16426, NULL),
(57814, 57814, 16426, NULL),
(57815, 57815, 16427, NULL),
(57816, 57816, 16427, NULL),
(57817, 57817, 16427, NULL),
(57908, 57908, 16310, NULL),
(57907, 57907, 16310, NULL),
(57898, 57898, 16338, NULL),
(57897, 57897, 16338, NULL),
(57901, 57901, 16311, NULL),
(57900, 57900, 16311, NULL),
(57899, 57899, 16311, NULL),
(57894, 57894, 16362, NULL),
(57893, 57893, 16362, NULL),
(57892, 57892, 16362, NULL),
(57906, 57906, 16339, NULL),
(57905, 57905, 16339, NULL),
(57909, 57909, 16340, NULL),
(57910, 57910, 16340, NULL),
(57911, 57911, 16340, NULL),
(58034, 58034, 16313, NULL),
(58033, 58033, 16313, NULL),
(57917, 57917, 16341, NULL),
(57916, 57916, 16341, NULL),
(58037, 58037, 16314, NULL),
(58036, 58036, 16314, NULL),
(58035, 58035, 16314, NULL),
(57921, 57921, 16342, NULL),
(57922, 57922, 16342, NULL),
(58040, 58040, 16315, NULL),
(58039, 58039, 16315, NULL),
(58038, 58038, 16315, NULL),
(57926, 57926, 16343, NULL),
(57927, 57927, 16343, NULL),
(57928, 57928, 16316, NULL),
(57929, 57929, 16316, NULL),
(57930, 57930, 16317, NULL),
(57931, 57931, 16317, NULL),
(57932, 57932, 16344, NULL),
(57933, 57933, 16344, NULL),
(57934, 57934, 16344, NULL),
(57935, 57935, 16318, NULL),
(57936, 57936, 16318, NULL),
(58043, 58043, 16345, NULL),
(58042, 58042, 16345, NULL),
(58041, 58041, 16345, NULL),
(57943, 57943, 16319, NULL),
(57942, 57942, 16319, NULL),
(58032, 58032, 16346, NULL),
(58031, 58031, 16346, NULL),
(57953, 57953, 16320, NULL),
(57952, 57952, 16320, NULL),
(57954, 57954, 16347, NULL),
(57955, 57955, 16347, NULL),
(57956, 57956, 16347, NULL),
(58046, 58046, 16348, NULL),
(58045, 58045, 16348, NULL),
(58044, 58044, 16348, NULL),
(58048, 58048, 16321, NULL),
(58047, 58047, 16321, NULL),
(57962, 57962, 16349, NULL),
(57963, 57963, 16349, NULL),
(58050, 58050, 16322, NULL),
(58049, 58049, 16322, NULL),
(57966, 57966, 16350, NULL),
(57967, 57967, 16350, NULL),
(58053, 58053, 16323, NULL),
(58052, 58052, 16323, NULL),
(58051, 58051, 16323, NULL),
(58056, 58056, 16325, NULL),
(58055, 58055, 16325, NULL),
(58054, 58054, 16325, NULL),
(58058, 58058, 16324, NULL),
(58057, 58057, 16324, NULL),
(57976, 57976, 16326, NULL),
(57977, 57977, 16326, NULL),
(57978, 57978, 16326, NULL),
(57979, 57979, 16351, NULL),
(57980, 57980, 16351, NULL),
(58060, 58060, 16327, NULL),
(58059, 58059, 16327, NULL),
(57983, 57983, 16353, NULL),
(57984, 57984, 16353, NULL),
(57985, 57985, 16353, NULL),
(57986, 57986, 16352, NULL),
(57987, 57987, 16352, NULL),
(57988, 57988, 16352, NULL),
(57989, 57989, 16328, NULL),
(57990, 57990, 16328, NULL),
(57991, 57991, 16354, NULL),
(57992, 57992, 16354, NULL),
(57993, 57993, 16329, NULL),
(57994, 57994, 16329, NULL),
(58062, 58062, 16355, NULL),
(58061, 58061, 16355, NULL),
(57997, 57997, 16330, NULL),
(57998, 57998, 16330, NULL),
(57999, 57999, 16330, NULL),
(58000, 58000, 16356, NULL),
(58001, 58001, 16356, NULL),
(58002, 58002, 16356, NULL),
(58003, 58003, 16331, NULL),
(58004, 58004, 16331, NULL),
(58005, 58005, 16357, NULL),
(58006, 58006, 16357, NULL),
(58007, 58007, 16332, NULL),
(58008, 58008, 16332, NULL),
(58009, 58009, 16333, NULL),
(58010, 58010, 16333, NULL),
(58011, 58011, 16358, NULL),
(58012, 58012, 16358, NULL),
(58013, 58013, 16358, NULL),
(58014, 58014, 16359, NULL),
(58015, 58015, 16359, NULL),
(58016, 58016, 16359, NULL),
(58064, 58064, 16334, NULL),
(58063, 58063, 16334, NULL),
(58019, 58019, 16360, NULL),
(58020, 58020, 16360, NULL),
(58021, 58021, 16360, NULL),
(58022, 58022, 16335, NULL),
(58023, 58023, 16335, NULL),
(58024, 58024, 16361, NULL),
(58025, 58025, 16361, NULL),
(58026, 58026, 16336, NULL),
(58027, 58027, 16336, NULL),
(58028, 58028, 16312, NULL),
(58029, 58029, 16312, NULL),
(58030, 58030, 16312, NULL);

TRUNCATE TABLE `dacons_people_event`;

TRUNCATE TABLE `dacons_phone_type`;

TRUNCATE TABLE `dacons_phones`;

TRUNCATE TABLE `dacons_phones_companies`;

TRUNCATE TABLE `dacons_reminders`;

TRUNCATE TABLE `dacons_reminders_companies`;

TRUNCATE TABLE `dacons_reminderspool`;
INSERT INTO `dacons_reminderspool` (`id`,`text`,`company_id`,`date`,`manager_id`,`visibility`) VALUES
(2554, 'Es muss endlich etwas getan werden!!!', 16305, '2008-11-12 00:00:00', 500, 'common'),
(2555, 'Es wird Zeit)', 16306, '2008-11-12 00:00:00', 501, 'common'),
(2550, 'Erinnerung', 16307, '2008-11-11 00:00:00', 500, 'own'),
(2551, 'Erinnerung', 16305, '2008-11-12 00:00:00', 500, 'own'),
(2557, 'Anrufen nicht vergessen!', 16306, '2008-11-12 00:00:00', 500, 'sm');

TRUNCATE TABLE `dacons_rights`;

TRUNCATE TABLE `dacons_sendemails`;

TRUNCATE TABLE `dacons_stats`;
INSERT INTO `dacons_stats` (`date`,`weekNum`,`year`,`registrations`,`pages`) VALUES
('2008-10-09', 0, '', 1, 154),
('2008-10-10', 0, '', 1, 222),
('2008-10-16', 0, '', 1, 110),
('2008-10-30', 0, '', 1, 21),
('2008-11-06', 0, '', 1, 29),
('2008-11-07', 0, '', 1, 11),
('2008-11-08', 0, '', 1, 24),
('2008-11-11', 0, '', 1, 75),
('2008-11-12', 0, '', 1, 59),
('2008-12-08', 0, '', 1, 16),
('2009-06-01', 0, '', 1, 1),
('2009-06-02', 0, '', 1, 13),
('2010-12-11', 0, '', 1, 36),
('2010-12-13', 0, '', 1, 23),
('2010-12-14', 0, '', 1, 215),
('2010-12-15', 0, '', 1, 189),
('2010-12-16', 0, '', 1, 215),
('2010-12-17', 0, '', 1, 169),
('2010-12-18', 0, '', 1, 13),
('2010-12-19', 0, '', 1, 33),
('2010-12-20', 0, '', 1, 377),
('2010-12-21', 0, '', 1, 242),
('2010-12-22', 0, '', 1, 54);

TRUNCATE TABLE `dacons_statsbycompanies`;
INSERT INTO `dacons_statsbycompanies` (`weekNum`,`year`,`pages`,`customer_id`,`companies`) VALUES
(41, '2008', 1, 307, 0),
(41, '2008', 52, 311, 0),
(41, '2008', 323, 312, 0),
(42, '2008', 110, 312, 0),
(44, '2008', 21, 312, 0),
(45, '2008', 64, 312, 0),
(46, '2008', 134, 312, 0),
(50, '2008', 16, 312, 0),
(23, '2009', 14, 312, 0),
(49, '2010', 36, 312, 0),
(50, '2010', 857, 312, 0),
(51, '2010', 673, 312, 0);

TRUNCATE TABLE `dacons_uploads`;
INSERT INTO `dacons_uploads` (`id`,`original_name`,`filename`,`company_id`,`comment`,`size`,`type`,`date`) VALUES
(1, 'anleitung.pdf', '7fbSQnFzyHZS2rs', 16362, 'Anleitung v. 2', '77.7 kB', 1, '2010-12-23 21:09:00'),
(2, 'vertrag_muster.docx', '6hRGdRnGyRBKkb5', 16362, 'Vertrag', '9.9 kB', 1, '2010-12-23 21:09:00'),
(3, 'preisliste.xls', 'TKSn65S3i53tT7Z', 16310, 'Preisliste vom 25.12.2010', '17.0 kB', 1, '2010-12-23 21:10:00'),
(4, 'katalog.xls', 'rBA2FsnKrBQNhBZ', 16338, '', '17.0 kB', 1, '2010-12-23 21:11:00'),
(5, 'vertrag_muster.docx', '89A22dsYdDairN9', 16338, '', '9.9 kB', 1, '2010-12-23 21:11:00'),
(6, 'anleitung.pdf', 'GN6s4R2dGGQGn3d', 16311, 'Gebrauchsanleitung', '77.7 kB', 1, '2010-12-23 21:12:00'),
(7, 'preisliste.xls', 'HzDYzfsyAbddBEN', 16309, '', '17.0 kB', 1, '2010-12-23 21:12:00'),
(8, 'preisliste.xls', 'ehtYER3k7bfZRYQ', 16339, '', '17.0 kB', 1, '2010-12-23 21:13:00'),
(9, 'anleitung.pdf', 'FbDkE494KHHFS6S', 16340, '', '77.7 kB', 1, '2010-12-23 21:14:00'),
(10, 'preisliste.xls', '9KE5TRd2h3aHY3y', 16313, '', '17.0 kB', 1, '2010-12-23 21:14:00'),
(11, 'katalog.xls', 'iRz579F779Bk3Kr', 16341, '', '17.0 kB', 1, '2010-12-23 21:14:00'),
(12, 'preisliste.xls', 'RnR6iK8eDabY5zN', 16314, '', '17.0 kB', 1, '2010-12-23 21:15:00'),
(13, 'preisliste.xls', 'd89attT427sTe3t', 16342, '', '17.0 kB', 1, '2010-12-23 21:15:00'),
(14, 'preisliste.xls', '5kde6TEfaZ8frRh', 16315, '', '17.0 kB', 1, '2010-12-23 21:16:00'),
(15, 'vertrag_muster.docx', 'NRGYSGQGtFr5fks', 16315, '', '9.9 kB', 1, '2010-12-23 21:16:00'),
(16, 'katalog.xls', '47y6GdH3sNTA73B', 16343, '', '17.0 kB', 1, '2010-12-23 21:16:00'),
(17, 'preisliste.xls', '96trRrQEN429b39', 16337, '', '17.0 kB', 1, '2010-12-23 21:16:00'),
(18, 'vertrag_muster.docx', '4HD4HyHaakG9r9D', 16316, '', '9.9 kB', 1, '2010-12-23 21:17:00'),
(19, 'preisliste.xls', 'ZFDNQea2RkTAEiB', 16316, '', '17.0 kB', 1, '2010-12-23 21:17:00'),
(20, 'katalog.xls', '6Sn3A2yayh9t6EE', 16317, '', '17.0 kB', 1, '2010-12-23 21:17:00'),
(21, 'preisliste.xls', 'ynk7zN9y5454Dif', 16344, '', '17.0 kB', 1, '2010-12-23 21:18:00'),
(22, 'vertrag_muster.docx', 'GrTsSGtDk96YFSn', 16344, '', '9.9 kB', 1, '2010-12-23 21:18:00');

TRUNCATE TABLE `dacons_users`;
INSERT INTO `dacons_users` (`id`,`username`,`password`,`nickname`,`customer_id`,`email`,`subscribed`,`is_super_user`,`is_admin`,`readonly`,`location`,`location_exp`,`help`) VALUES
(499, 'admin', 'e10adc3949ba59abbe56e057f20f883e', 'Administrator', 312, 'kadantsev.d@gmail.com', '0', 1, 1, 0, 0, '0000-00-00 00:00:00', 'a:16:{i:1;b:1;i:2;b:1;i:3;b:0;i:4;b:0;i:5;b:0;i:6;b:0;i:7;b:0;i:8;b:1;i:9;b:1;i:10;b:1;i:11;b:1;i:12;b:0;i:13;b:0;i:14;b:1;i:15;b:1;i:0;b:1;}'),
(503, 'nutzer', 'ed2b1f468c5f915f3f1cf75d7068baae', 'Franz Mustermann', 312, '', '0', 0, 0, 0, 0, '0000-00-00 00:00:00', 'a:16:{i:1;b:1;i:2;b:1;i:3;b:0;i:4;b:0;i:5;b:0;i:6;b:0;i:7;b:0;i:8;b:0;i:9;b:0;i:10;b:1;i:11;b:1;i:12;b:0;i:13;b:0;i:14;b:1;i:15;b:1;i:0;b:1;}'),
(504, 'hauptnutzer', 'ed2b1f468c5f915f3f1cf75d7068baae', 'Georg Mustermann', 312, '', '0', 1, 0, 0, 0, '0000-00-00 00:00:00', 'a:16:{i:1;b:1;i:2;b:1;i:3;b:0;i:4;b:0;i:5;b:0;i:6;b:0;i:7;b:0;i:8;b:0;i:9;b:0;i:10;b:1;i:11;b:1;i:12;b:0;i:13;b:0;i:14;b:1;i:15;b:1;i:0;b:1;}');

